Source,Target
'AUTH001','Q19409885'
'AUTH001','Q2880671'
'AUTH001','Q270381'
'AUTH001','Q102289917'
'AUTH001','Q462721'
'AUTH001','Q324283'
'AUTH001','Q335011'
'AUTH001','Q25973'
'AUTH001','Q37030'
'AUTH001','Q500042'
'AUTH001','Q462721'
'AUTH001','Q72790'
'AUTH001','Q72790'
'AUTH001','Q2880671'
'AUTH001','Q2880671'
'AUTH001','Q37030'
'AUTH001','Q3048320'
'AUTH001','Q335011'
'AUTH001','Q25973'
'AUTH001','Q37030'
'AUTH001','Q500042'
'AUTH001','Q72790'
'AUTH001','Q430765'
'AUTH001','Q2743181'
'AUTH001','Q5616311'
'AUTH001','Q359880'
'AUTH001','Q65876826'
'AUTH001','Q109781247'
'AUTH001','Q72790'
'AUTH001','Q72790'
'AUTH001','Q8016'
'AUTH001','Q72790'
'AUTH001','Q72790'
'AUTH001','Q80871'
'AUTH001','Q462721'
'AUTH001','Q23434'
'AUTH001','Q72790'
'AUTH001','Q72790'
'AUTH001','Q80871'
'AUTH001','Q72790'
'AUTH001','Q10934058'
'AUTH001','Q258693'
'AUTH001','Q2743181'
'AUTH001','Q2743181'
'AUTH001','Q72790'
'AUTH002','Q1709049'
'AUTH002','Q80871'
'AUTH002','Q2880671'
'AUTH002','Q80871'
'AUTH002','Q11793322'
'AUTH003','Q34670'
'AUTH003','Q19185'
'AUTH003','Q289215'
'AUTH003','Q34670'
'AUTH003','Q433113'
'AUTH003','Q34670'
'AUTH003','Q34670'
'AUTH003','Q34670'
'AUTH003','Q72790'
'AUTH003','Q34670'
'AUTH003','Q34670'
'AUTH003','Q72790'
'AUTH003','Q72790'
'AUTH003','Q298035'
'AUTH003','Q462721'
'AUTH003','Q4647445'
'AUTH003','Q3439475'
'AUTH003','Q502'
'AUTH003','Q459586'
'AUTH003','Q3047784'
'AUTH003','Q34670'
'AUTH003','Q3509971'
'AUTH003','Q72790'
'AUTH003','Q34670'
'AUTH003','Q72790'
'AUTH003','Q72790'
'AUTH003','Q34670'
'AUTH003','Q430765'
'AUTH003','Q207359'
'AUTH003','Q34670'
'AUTH003','Q72790'
'AUTH003','Q34670'
'AUTH003','Q72790'
'AUTH003','Q72790'
'AUTH003','Q34670'
'AUTH003','Q34670'
'AUTH003','Q72790'
'AUTH003','Q34670'
'AUTH003','Q34670'
'AUTH003','Q34670'
'AUTH003','Q34670'
'AUTH003','Q72790'
'AUTH003','Q34670'
'AUTH003','Q72790'
'AUTH003','Q72790'
'AUTH003','Q34670'
'AUTH003','Q34670'
'AUTH003','Q11985001'
'AUTH003','Q34670'
'AUTH003','Q118936'
'AUTH003','Q118936'
'AUTH003','Q34670'
'AUTH003','Q72790'
'AUTH003','Q34670'
'AUTH003','Q5616311'
'AUTH003','Q34670'
'AUTH003','Q34670'
'AUTH003','Q72790'
'AUTH003','Q72790'
'AUTH003','Q30875'
'AUTH003','Q34670'
'AUTH003','Q34670'
'AUTH003','Q72790'
'AUTH003','Q1409'
'AUTH003','Q1409'
'AUTH003','Q34670'
'AUTH003','Q72790'
'AUTH003','Q34670'
'AUTH003','Q72790'
'AUTH003','Q34670'
'AUTH003','Q72790'
'AUTH003','Q34670'
'AUTH003','Q34670'
'AUTH003','Q72790'
'AUTH003','Q3384200'
'AUTH003','Q430765'
'AUTH003','Q34670'
'AUTH003','Q34670'
'AUTH003','Q118936'
'AUTH003','Q34670'
'AUTH003','Q72790'
'AUTH003','Q72790'
'AUTH003','Q34670'
'AUTH003','Q72790'
'AUTH003','Q34670'
'AUTH003','Q72790'
'AUTH003','Q34670'
'AUTH003','Q1409'
'AUTH003','Q104607'
'AUTH003','Q311169'
'AUTH003','Q1409'
'AUTH003','Q468852'
'AUTH003','Q311169'
'AUTH003','Q72790'
'AUTH003','Q61107101'
'AUTH003','Q1409'
'AUTH003','Q38392'
'AUTH003','Q1409'
'AUTH003','Q72790'
'AUTH003','Q61107101'
'AUTH003','Q1409'
'AUTH003','Q38392'
'AUTH003','Q1409'
'AUTH003','Q72790'
'AUTH003','Q3384200'
'AUTH003','Q430765'
'AUTH003','Q72790'
'AUTH003','Q34670'
'AUTH003','Q10934058'
'AUTH003','Q80871'
'AUTH003','Q72790'
'AUTH003','Q80871'
'AUTH003','Q298035'
'AUTH003','Q1409'
'AUTH003','Q1409'
'AUTH003','Q34670'
'AUTH003','Q1409'
'AUTH003','Q72790'
'AUTH003','Q34670'
'AUTH003','Q34189'
'AUTH003','Q184440'
'AUTH003','Q4281482'
'AUTH003','Q72790'
'AUTH003','Q34670'
'AUTH003','Q59076'
'AUTH003','Q72790'
'AUTH003','Q34670'
'AUTH003','Q72790'
'AUTH003','Q72790'
'AUTH003','Q47519771'
'AUTH003','Q1379005'
'AUTH003','Q78494'
'AUTH003','Q1379005'
'AUTH003','Q72790'
'AUTH003','Q42156'
'AUTH003','Q200639'
'AUTH003','Q5616311'
'AUTH003','Q430765'
'AUTH003','Q72790'
'AUTH003','Q34670'
'AUTH003','Q72790'
'AUTH003','Q35123464'
'AUTH003','Q45723'
'AUTH003','Q3081521'
'AUTH003','Q72790'
'AUTH003','Q368831'
'AUTH003','Q909'
'AUTH003','Q72790'
'AUTH003','Q72790'
'AUTH003','Q72790'
'AUTH004','Q40909'
'AUTH004','Q40909'
'AUTH004','Q40909'
'AUTH004','Q72790'
'AUTH004','Q6050'
'AUTH004','Q72790'
'AUTH004','Q6050'
'AUTH004','Q72790'
'AUTH004','Q7199'
'AUTH005','Q1858007'
'AUTH005','Q1858007'
'AUTH005','Q1819994'
'AUTH005','Q40909'
'AUTH005','Q135640'
'AUTH005','Q4714498'
'AUTH005','Q430765'
'AUTH005','Q3275117'
'AUTH005','Q379789'
'AUTH005','Q2743181'
'AUTH005','Q4128'
'AUTH005','Q295830'
'AUTH005','Q80871'
'AUTH005','Q5248733'
'AUTH005','Q133626068'
'AUTH005','Q462721'
'AUTH005','Q462721'
'AUTH005','Q3290728'
'AUTH005','Q193236'
'AUTH005','Q262273'
'AUTH005','Q151164'
'AUTH005','Q1858007'
'AUTH005','Q155270'
'AUTH005','Q430765'
'AUTH005','Q5616311'
'AUTH005','Q462281'
'AUTH005','Q1169065'
'AUTH005','Q3815096'
'AUTH005','Q1728777'
'AUTH005','Q532041'
'AUTH005','Q72790'
'AUTH005','Q1858007'
'AUTH005','Q4724'
'AUTH005','Q272'
'AUTH005','Q49747'
'AUTH005','Q42156'
'AUTH005','Q72790'
'AUTH005','Q72790'
'AUTH005','Q11219893'
